maquina,version,variante,p,t,N,k,B,repeticion,tiempo_s
DESKTOP-FUSRFCI,numpy,indices,1,0,100000,300,48,0,6.135347
DESKTOP-FUSRFCI,numpy,indices,1,0,100000,300,48,1,6.263315
DESKTOP-FUSRFCI,numpy,indices,1,0,100000,300,48,2,6.460139
DESKTOP-FUSRFCI,numpy,indices,2,0,100000,300,48,0,5.924017
DESKTOP-FUSRFCI,numpy,indices,2,0,100000,300,48,1,6.055069
DESKTOP-FUSRFCI,numpy,indices,2,0,100000,300,48,2,6.236189
DESKTOP-FUSRFCI,numpy,indices,3,0,100000,300,48,0,4.787081
DESKTOP-FUSRFCI,numpy,indices,3,0,100000,300,48,1,4.921357
DESKTOP-FUSRFCI,numpy,indices,3,0,100000,300,48,2,4.981009
DESKTOP-FUSRFCI,numpy,indices,4,0,100000,300,48,0,4.343105
DESKTOP-FUSRFCI,numpy,indices,4,0,100000,300,48,1,4.607395
DESKTOP-FUSRFCI,numpy,indices,4,0,100000,300,48,2,4.607358
DESKTOP-FUSRFCI,numpy,indices,5,0,100000,300,48,0,4.410745
DESKTOP-FUSRFCI,numpy,indices,5,0,100000,300,48,1,4.421344
DESKTOP-FUSRFCI,numpy,indices,5,0,100000,300,48,2,4.506900
DESKTOP-FUSRFCI,numpy,indices,6,0,100000,300,48,0,4.068531
DESKTOP-FUSRFCI,numpy,indices,6,0,100000,300,48,1,3.831436
DESKTOP-FUSRFCI,numpy,indices,6,0,100000,300,48,2,4.145495
DESKTOP-FUSRFCI,numpy,indices,7,0,100000,300,48,0,4.304506
DESKTOP-FUSRFCI,numpy,indices,7,0,100000,300,48,1,4.208146
DESKTOP-FUSRFCI,numpy,indices,7,0,100000,300,48,2,4.283245
DESKTOP-FUSRFCI,numpy,indices,8,0,100000,300,48,0,4.138992
DESKTOP-FUSRFCI,numpy,indices,8,0,100000,300,48,1,4.067231
DESKTOP-FUSRFCI,numpy,indices,8,0,100000,300,48,2,4.089141
DESKTOP-FUSRFCI,numpy,indices,9,0,100000,300,48,0,3.910665
DESKTOP-FUSRFCI,numpy,indices,9,0,100000,300,48,1,3.802604
DESKTOP-FUSRFCI,numpy,indices,9,0,100000,300,48,2,3.920058
DESKTOP-FUSRFCI,numpy,indices,10,0,100000,300,48,0,3.868162
DESKTOP-FUSRFCI,numpy,indices,10,0,100000,300,48,1,3.771438
DESKTOP-FUSRFCI,numpy,indices,10,0,100000,300,48,2,3.776914
DESKTOP-FUSRFCI,numpy,indices,11,0,100000,300,48,0,3.689834
DESKTOP-FUSRFCI,numpy,indices,11,0,100000,300,48,1,3.842165
DESKTOP-FUSRFCI,numpy,indices,11,0,100000,300,48,2,4.025313
DESKTOP-FUSRFCI,numpy,indices,12,0,100000,300,48,0,3.883261
DESKTOP-FUSRFCI,numpy,indices,12,0,100000,300,48,1,4.072746
DESKTOP-FUSRFCI,numpy,indices,12,0,100000,300,48,2,3.931283
DESKTOP-FUSRFCI,numpy,indices,13,0,100000,300,48,0,3.854046
DESKTOP-FUSRFCI,numpy,indices,13,0,100000,300,48,1,3.881885
DESKTOP-FUSRFCI,numpy,indices,13,0,100000,300,48,2,3.675167
DESKTOP-FUSRFCI,numpy,indices,14,0,100000,300,48,0,3.975337
DESKTOP-FUSRFCI,numpy,indices,14,0,100000,300,48,1,4.512421
DESKTOP-FUSRFCI,numpy,indices,14,0,100000,300,48,2,4.507614
DESKTOP-FUSRFCI,numpy,indices,15,0,100000,300,48,0,4.595193
DESKTOP-FUSRFCI,numpy,indices,15,0,100000,300,48,1,4.162053
DESKTOP-FUSRFCI,numpy,indices,15,0,100000,300,48,2,4.176672
DESKTOP-FUSRFCI,numpy,indices,16,0,100000,300,48,0,4.486940
DESKTOP-FUSRFCI,numpy,indices,16,0,100000,300,48,1,4.427387
DESKTOP-FUSRFCI,numpy,indices,16,0,100000,300,48,2,4.627048
DESKTOP-FUSRFCI,numpy,pesos_densos,1,0,100000,300,48,0,7.806990
DESKTOP-FUSRFCI,numpy,pesos_densos,1,0,100000,300,48,1,7.595966
DESKTOP-FUSRFCI,numpy,pesos_densos,1,0,100000,300,48,2,8.152021
DESKTOP-FUSRFCI,numpy,pesos_densos,2,0,100000,300,48,0,7.680736
DESKTOP-FUSRFCI,numpy,pesos_densos,2,0,100000,300,48,1,7.407005
DESKTOP-FUSRFCI,numpy,pesos_densos,2,0,100000,300,48,2,7.558646
DESKTOP-FUSRFCI,numpy,pesos_densos,3,0,100000,300,48,0,6.415266
DESKTOP-FUSRFCI,numpy,pesos_densos,3,0,100000,300,48,1,6.300901
DESKTOP-FUSRFCI,numpy,pesos_densos,3,0,100000,300,48,2,6.246860
DESKTOP-FUSRFCI,numpy,pesos_densos,4,0,100000,300,48,0,5.573837
DESKTOP-FUSRFCI,numpy,pesos_densos,4,0,100000,300,48,1,5.838588
DESKTOP-FUSRFCI,numpy,pesos_densos,4,0,100000,300,48,2,5.781743
DESKTOP-FUSRFCI,numpy,pesos_densos,5,0,100000,300,48,0,5.512261
DESKTOP-FUSRFCI,numpy,pesos_densos,5,0,100000,300,48,1,5.521555
DESKTOP-FUSRFCI,numpy,pesos_densos,5,0,100000,300,48,2,5.552751
DESKTOP-FUSRFCI,numpy,pesos_densos,6,0,100000,300,48,0,5.374985
DESKTOP-FUSRFCI,numpy,pesos_densos,6,0,100000,300,48,1,5.578733
DESKTOP-FUSRFCI,numpy,pesos_densos,6,0,100000,300,48,2,5.868733
DESKTOP-FUSRFCI,numpy,pesos_densos,7,0,100000,300,48,0,5.528130
DESKTOP-FUSRFCI,numpy,pesos_densos,7,0,100000,300,48,1,5.000545
DESKTOP-FUSRFCI,numpy,pesos_densos,7,0,100000,300,48,2,5.427522
DESKTOP-FUSRFCI,numpy,pesos_densos,8,0,100000,300,48,0,5.276698
DESKTOP-FUSRFCI,numpy,pesos_densos,8,0,100000,300,48,1,5.183637
DESKTOP-FUSRFCI,numpy,pesos_densos,8,0,100000,300,48,2,5.288607
DESKTOP-FUSRFCI,numpy,pesos_densos,9,0,100000,300,48,0,4.848053
DESKTOP-FUSRFCI,numpy,pesos_densos,9,0,100000,300,48,1,4.556491
DESKTOP-FUSRFCI,numpy,pesos_densos,9,0,100000,300,48,2,4.775516
DESKTOP-FUSRFCI,numpy,pesos_densos,10,0,100000,300,48,0,5.059851
DESKTOP-FUSRFCI,numpy,pesos_densos,10,0,100000,300,48,1,5.157121
DESKTOP-FUSRFCI,numpy,pesos_densos,10,0,100000,300,48,2,5.102819
DESKTOP-FUSRFCI,numpy,pesos_densos,11,0,100000,300,48,0,4.697064
DESKTOP-FUSRFCI,numpy,pesos_densos,11,0,100000,300,48,1,4.733072
DESKTOP-FUSRFCI,numpy,pesos_densos,11,0,100000,300,48,2,4.741027
DESKTOP-FUSRFCI,numpy,pesos_densos,12,0,100000,300,48,0,5.255272
DESKTOP-FUSRFCI,numpy,pesos_densos,12,0,100000,300,48,1,5.052411
DESKTOP-FUSRFCI,numpy,pesos_densos,12,0,100000,300,48,2,5.058974
DESKTOP-FUSRFCI,numpy,pesos_densos,13,0,100000,300,48,0,4.719130
DESKTOP-FUSRFCI,numpy,pesos_densos,13,0,100000,300,48,1,4.715792
DESKTOP-FUSRFCI,numpy,pesos_densos,13,0,100000,300,48,2,4.854711
DESKTOP-FUSRFCI,numpy,pesos_densos,14,0,100000,300,48,0,5.206333
DESKTOP-FUSRFCI,numpy,pesos_densos,14,0,100000,300,48,1,5.188059
DESKTOP-FUSRFCI,numpy,pesos_densos,14,0,100000,300,48,2,4.937475
DESKTOP-FUSRFCI,numpy,pesos_densos,15,0,100000,300,48,0,5.059301
DESKTOP-FUSRFCI,numpy,pesos_densos,15,0,100000,300,48,1,5.018183
DESKTOP-FUSRFCI,numpy,pesos_densos,15,0,100000,300,48,2,5.381075
DESKTOP-FUSRFCI,numpy,pesos_densos,16,0,100000,300,48,0,4.774315
DESKTOP-FUSRFCI,numpy,pesos_densos,16,0,100000,300,48,1,5.121262
DESKTOP-FUSRFCI,numpy,pesos_densos,16,0,100000,300,48,2,4.880774
DESKTOP-FUSRFCI,numpy,pesos,1,0,100000,300,48,0,4.508991
DESKTOP-FUSRFCI,numpy,pesos,1,0,100000,300,48,1,4.669838
DESKTOP-FUSRFCI,numpy,pesos,1,0,100000,300,48,2,4.803890
DESKTOP-FUSRFCI,numpy,pesos,2,0,100000,300,48,0,4.713903
DESKTOP-FUSRFCI,numpy,pesos,2,0,100000,300,48,1,4.536934
DESKTOP-FUSRFCI,numpy,pesos,2,0,100000,300,48,2,4.470939
DESKTOP-FUSRFCI,numpy,pesos,3,0,100000,300,48,0,3.465519
DESKTOP-FUSRFCI,numpy,pesos,3,0,100000,300,48,1,3.599191
DESKTOP-FUSRFCI,numpy,pesos,3,0,100000,300,48,2,3.888557
DESKTOP-FUSRFCI,numpy,pesos,4,0,100000,300,48,0,3.428081
DESKTOP-FUSRFCI,numpy,pesos,4,0,100000,300,48,1,3.403372
DESKTOP-FUSRFCI,numpy,pesos,4,0,100000,300,48,2,3.422059
DESKTOP-FUSRFCI,numpy,pesos,5,0,100000,300,48,0,2.963252
DESKTOP-FUSRFCI,numpy,pesos,5,0,100000,300,48,1,3.070864
DESKTOP-FUSRFCI,numpy,pesos,5,0,100000,300,48,2,2.956161
DESKTOP-FUSRFCI,numpy,pesos,6,0,100000,300,48,0,2.893504
DESKTOP-FUSRFCI,numpy,pesos,6,0,100000,300,48,1,2.920843
DESKTOP-FUSRFCI,numpy,pesos,6,0,100000,300,48,2,3.066073
DESKTOP-FUSRFCI,numpy,pesos,7,0,100000,300,48,0,3.106582
DESKTOP-FUSRFCI,numpy,pesos,7,0,100000,300,48,1,3.203398
DESKTOP-FUSRFCI,numpy,pesos,7,0,100000,300,48,2,3.141842
DESKTOP-FUSRFCI,numpy,pesos,8,0,100000,300,48,0,2.998626
DESKTOP-FUSRFCI,numpy,pesos,8,0,100000,300,48,1,2.971878
DESKTOP-FUSRFCI,numpy,pesos,8,0,100000,300,48,2,3.046382
DESKTOP-FUSRFCI,numpy,pesos,9,0,100000,300,48,0,2.732699
DESKTOP-FUSRFCI,numpy,pesos,9,0,100000,300,48,1,2.788348
DESKTOP-FUSRFCI,numpy,pesos,9,0,100000,300,48,2,2.936803
DESKTOP-FUSRFCI,numpy,pesos,10,0,100000,300,48,0,3.006627
DESKTOP-FUSRFCI,numpy,pesos,10,0,100000,300,48,1,2.933548
DESKTOP-FUSRFCI,numpy,pesos,10,0,100000,300,48,2,2.911714
DESKTOP-FUSRFCI,numpy,pesos,11,0,100000,300,48,0,2.810120
DESKTOP-FUSRFCI,numpy,pesos,11,0,100000,300,48,1,2.811750
DESKTOP-FUSRFCI,numpy,pesos,11,0,100000,300,48,2,2.802417
DESKTOP-FUSRFCI,numpy,pesos,12,0,100000,300,48,0,3.080512
DESKTOP-FUSRFCI,numpy,pesos,12,0,100000,300,48,1,3.042161
DESKTOP-FUSRFCI,numpy,pesos,12,0,100000,300,48,2,2.987093
DESKTOP-FUSRFCI,numpy,pesos,13,0,100000,300,48,0,3.190799
DESKTOP-FUSRFCI,numpy,pesos,13,0,100000,300,48,1,3.135378
DESKTOP-FUSRFCI,numpy,pesos,13,0,100000,300,48,2,3.125869
DESKTOP-FUSRFCI,numpy,pesos,14,0,100000,300,48,0,3.080967
DESKTOP-FUSRFCI,numpy,pesos,14,0,100000,300,48,1,2.964065
DESKTOP-FUSRFCI,numpy,pesos,14,0,100000,300,48,2,2.870710
DESKTOP-FUSRFCI,numpy,pesos,15,0,100000,300,48,0,3.235547
DESKTOP-FUSRFCI,numpy,pesos,15,0,100000,300,48,1,3.149006
DESKTOP-FUSRFCI,numpy,pesos,15,0,100000,300,48,2,3.489115
DESKTOP-FUSRFCI,numpy,pesos,16,0,100000,300,48,0,3.256652
DESKTOP-FUSRFCI,numpy,pesos,16,0,100000,300,48,1,3.310335
DESKTOP-FUSRFCI,numpy,pesos,16,0,100000,300,48,2,3.242785
DESKTOP-FUSRFCI,sklearn,indices,16,0,100000,300,48,0,57.949558
DESKTOP-FUSRFCI,sklearn,indices,16,0,100000,300,48,1,57.893836
DESKTOP-FUSRFCI,sklearn,indices,16,0,100000,300,48,2,57.833094
DESKTOP-FUSRFCI,sklearn,pesos,16,0,100000,300,48,0,35.786747
DESKTOP-FUSRFCI,sklearn,pesos,16,0,100000,300,48,1,35.909091
DESKTOP-FUSRFCI,sklearn,pesos,16,0,100000,300,48,2,35.628627
DESKTOP-FUSRFCI,auto,bagging,1,0,100000,300,48,0,80.867716
DESKTOP-FUSRFCI,auto,bagging,1,0,100000,300,48,1,63.036531
DESKTOP-FUSRFCI,auto,bagging,1,0,100000,300,48,2,60.266311
DESKTOP-FUSRFCI,auto,bagging,2,0,100000,300,48,0,52.978991
DESKTOP-FUSRFCI,auto,bagging,2,0,100000,300,48,1,53.685563
DESKTOP-FUSRFCI,auto,bagging,2,0,100000,300,48,2,53.474667
DESKTOP-FUSRFCI,auto,bagging,3,0,100000,300,48,0,52.331314
DESKTOP-FUSRFCI,auto,bagging,3,0,100000,300,48,1,52.473463
DESKTOP-FUSRFCI,auto,bagging,3,0,100000,300,48,2,52.639686
DESKTOP-FUSRFCI,auto,bagging,4,0,100000,300,48,0,53.278083
DESKTOP-FUSRFCI,auto,bagging,4,0,100000,300,48,1,52.033901
DESKTOP-FUSRFCI,auto,bagging,4,0,100000,300,48,2,50.644195
DESKTOP-FUSRFCI,auto,bagging,5,0,100000,300,48,0,52.717741
DESKTOP-FUSRFCI,auto,bagging,5,0,100000,300,48,1,52.086319
DESKTOP-FUSRFCI,auto,bagging,5,0,100000,300,48,2,52.668201
DESKTOP-FUSRFCI,auto,bagging,6,0,100000,300,48,0,52.487422
DESKTOP-FUSRFCI,auto,bagging,6,0,100000,300,48,1,52.228610
DESKTOP-FUSRFCI,auto,bagging,6,0,100000,300,48,2,52.615021
DESKTOP-FUSRFCI,auto,bagging,7,0,100000,300,48,0,53.166813
DESKTOP-FUSRFCI,auto,bagging,7,0,100000,300,48,1,53.278199
DESKTOP-FUSRFCI,auto,bagging,7,0,100000,300,48,2,53.797439
DESKTOP-FUSRFCI,auto,bagging,8,0,100000,300,48,0,54.671125
DESKTOP-FUSRFCI,auto,bagging,8,0,100000,300,48,1,54.665172
DESKTOP-FUSRFCI,auto,bagging,8,0,100000,300,48,2,54.659280
DESKTOP-FUSRFCI,auto,bagging,9,0,100000,300,48,0,52.564243
DESKTOP-FUSRFCI,auto,bagging,9,0,100000,300,48,1,52.924713
DESKTOP-FUSRFCI,auto,bagging,9,0,100000,300,48,2,52.618023
DESKTOP-FUSRFCI,auto,bagging,10,0,100000,300,48,0,53.180134
DESKTOP-FUSRFCI,auto,bagging,10,0,100000,300,48,1,53.371218
DESKTOP-FUSRFCI,auto,bagging,10,0,100000,300,48,2,53.377646
DESKTOP-FUSRFCI,auto,bagging,11,0,100000,300,48,0,54.055272
DESKTOP-FUSRFCI,auto,bagging,11,0,100000,300,48,1,53.922778
DESKTOP-FUSRFCI,auto,bagging,11,0,100000,300,48,2,53.930436
DESKTOP-FUSRFCI,auto,bagging,12,0,100000,300,48,0,55.210806
DESKTOP-FUSRFCI,auto,bagging,12,0,100000,300,48,1,55.543266
DESKTOP-FUSRFCI,auto,bagging,12,0,100000,300,48,2,55.177086
DESKTOP-FUSRFCI,auto,bagging,13,0,100000,300,48,0,56.173820
DESKTOP-FUSRFCI,auto,bagging,13,0,100000,300,48,1,55.727100
DESKTOP-FUSRFCI,auto,bagging,13,0,100000,300,48,2,56.172881
DESKTOP-FUSRFCI,auto,bagging,14,0,100000,300,48,0,57.251530
DESKTOP-FUSRFCI,auto,bagging,14,0,100000,300,48,1,57.110304
DESKTOP-FUSRFCI,auto,bagging,14,0,100000,300,48,2,57.071866
DESKTOP-FUSRFCI,auto,bagging,15,0,100000,300,48,0,58.419451
DESKTOP-FUSRFCI,auto,bagging,15,0,100000,300,48,1,58.390950
DESKTOP-FUSRFCI,auto,bagging,15,0,100000,300,48,2,58.354650
DESKTOP-FUSRFCI,auto,bagging,16,0,100000,300,48,0,59.184999
DESKTOP-FUSRFCI,auto,bagging,16,0,100000,300,48,1,59.375820
DESKTOP-FUSRFCI,auto,bagging,16,0,100000,300,48,2,59.662567
DESKTOP-FUSRFCI,sklearn,pesos,1,0,100000,300,48,0,34.642229
DESKTOP-FUSRFCI,sklearn,pesos,1,0,100000,300,48,1,34.240827
DESKTOP-FUSRFCI,sklearn,pesos,1,0,100000,300,48,2,34.126337
DESKTOP-FUSRFCI,sklearn,pesos,2,0,100000,300,48,0,31.557238
DESKTOP-FUSRFCI,sklearn,pesos,2,0,100000,300,48,1,31.739053
DESKTOP-FUSRFCI,sklearn,pesos,2,0,100000,300,48,2,31.736957
DESKTOP-FUSRFCI,sklearn,pesos,3,0,100000,300,48,0,28.265819
DESKTOP-FUSRFCI,sklearn,pesos,3,0,100000,300,48,1,31.178477
DESKTOP-FUSRFCI,sklearn,pesos,3,0,100000,300,48,2,29.436336
DESKTOP-FUSRFCI,sklearn,pesos,4,0,100000,300,48,0,31.838540
DESKTOP-FUSRFCI,sklearn,pesos,4,0,100000,300,48,1,30.495773
DESKTOP-FUSRFCI,sklearn,pesos,4,0,100000,300,48,2,31.066005
DESKTOP-FUSRFCI,sklearn,pesos,5,0,100000,300,48,0,31.146386
DESKTOP-FUSRFCI,sklearn,pesos,5,0,100000,300,48,1,31.001012
DESKTOP-FUSRFCI,sklearn,pesos,5,0,100000,300,48,2,31.277504
DESKTOP-FUSRFCI,sklearn,pesos,6,0,100000,300,48,0,31.729416
DESKTOP-FUSRFCI,sklearn,pesos,6,0,100000,300,48,1,31.669916
DESKTOP-FUSRFCI,sklearn,pesos,6,0,100000,300,48,2,31.582895
DESKTOP-FUSRFCI,sklearn,pesos,7,0,100000,300,48,0,32.219432
DESKTOP-FUSRFCI,sklearn,pesos,7,0,100000,300,48,1,32.564503
DESKTOP-FUSRFCI,sklearn,pesos,7,0,100000,300,48,2,32.525540
DESKTOP-FUSRFCI,sklearn,pesos,8,0,100000,300,48,0,33.490672
DESKTOP-FUSRFCI,sklearn,pesos,8,0,100000,300,48,1,33.244858
DESKTOP-FUSRFCI,sklearn,pesos,8,0,100000,300,48,2,33.472608
DESKTOP-FUSRFCI,sklearn,pesos,9,0,100000,300,48,0,32.121022
DESKTOP-FUSRFCI,sklearn,pesos,9,0,100000,300,48,1,32.032891
DESKTOP-FUSRFCI,sklearn,pesos,9,0,100000,300,48,2,31.939411
DESKTOP-FUSRFCI,sklearn,pesos,10,0,100000,300,48,0,32.309219
DESKTOP-FUSRFCI,sklearn,pesos,10,0,100000,300,48,1,32.395960
DESKTOP-FUSRFCI,sklearn,pesos,10,0,100000,300,48,2,32.429768
DESKTOP-FUSRFCI,sklearn,pesos,11,0,100000,300,48,0,32.895515
DESKTOP-FUSRFCI,sklearn,pesos,11,0,100000,300,48,1,32.893165
DESKTOP-FUSRFCI,sklearn,pesos,11,0,100000,300,48,2,32.975579
DESKTOP-FUSRFCI,sklearn,pesos,12,0,100000,300,48,0,33.504701
DESKTOP-FUSRFCI,sklearn,pesos,12,0,100000,300,48,1,33.885039
DESKTOP-FUSRFCI,sklearn,pesos,12,0,100000,300,48,2,33.495974
DESKTOP-FUSRFCI,sklearn,pesos,13,0,100000,300,48,0,33.768038
DESKTOP-FUSRFCI,sklearn,pesos,13,0,100000,300,48,1,33.804975
DESKTOP-FUSRFCI,sklearn,pesos,13,0,100000,300,48,2,33.818432
DESKTOP-FUSRFCI,sklearn,pesos,14,0,100000,300,48,0,34.119969
DESKTOP-FUSRFCI,sklearn,pesos,14,0,100000,300,48,1,34.206195
DESKTOP-FUSRFCI,sklearn,pesos,14,0,100000,300,48,2,34.127348
DESKTOP-FUSRFCI,sklearn,pesos,15,0,100000,300,48,0,34.752939
DESKTOP-FUSRFCI,sklearn,pesos,15,0,100000,300,48,1,34.766931
DESKTOP-FUSRFCI,sklearn,pesos,15,0,100000,300,48,2,34.832408
DESKTOP-FUSRFCI,sklearn,pesos,16,0,100000,300,48,0,35.365128
DESKTOP-FUSRFCI,sklearn,pesos,16,0,100000,300,48,1,35.661464
DESKTOP-FUSRFCI,sklearn,pesos,16,0,100000,300,48,2,35.514358
DESKTOP-FUSRFCI,numpy,pesos,1,0,100000,300,48,0,4.610185
DESKTOP-FUSRFCI,numpy,pesos,1,0,100000,300,48,1,4.506729
DESKTOP-FUSRFCI,numpy,pesos,1,0,100000,300,48,2,4.510918
DESKTOP-FUSRFCI,numpy,pesos,2,0,100000,300,48,0,4.512505
DESKTOP-FUSRFCI,numpy,pesos,2,0,100000,300,48,1,4.506415
DESKTOP-FUSRFCI,numpy,pesos,2,0,100000,300,48,2,4.655665
DESKTOP-FUSRFCI,numpy,pesos,3,0,100000,300,48,0,3.486554
DESKTOP-FUSRFCI,numpy,pesos,3,0,100000,300,48,1,3.530698
DESKTOP-FUSRFCI,numpy,pesos,3,0,100000,300,48,2,3.589702
DESKTOP-FUSRFCI,numpy,pesos,4,0,100000,300,48,0,3.424712
DESKTOP-FUSRFCI,numpy,pesos,4,0,100000,300,48,1,3.258048
DESKTOP-FUSRFCI,numpy,pesos,4,0,100000,300,48,2,3.167490
DESKTOP-FUSRFCI,numpy,pesos,5,0,100000,300,48,0,3.119444
DESKTOP-FUSRFCI,numpy,pesos,5,0,100000,300,48,1,3.047321
DESKTOP-FUSRFCI,numpy,pesos,5,0,100000,300,48,2,2.995378
DESKTOP-FUSRFCI,numpy,pesos,6,0,100000,300,48,0,2.827213
DESKTOP-FUSRFCI,numpy,pesos,6,0,100000,300,48,1,2.873637
DESKTOP-FUSRFCI,numpy,pesos,6,0,100000,300,48,2,2.887517
DESKTOP-FUSRFCI,numpy,pesos,7,0,100000,300,48,0,2.978071
DESKTOP-FUSRFCI,numpy,pesos,7,0,100000,300,48,1,2.930257
DESKTOP-FUSRFCI,numpy,pesos,7,0,100000,300,48,2,2.921878
DESKTOP-FUSRFCI,numpy,pesos,8,0,100000,300,48,0,3.035684
DESKTOP-FUSRFCI,numpy,pesos,8,0,100000,300,48,1,3.049901
DESKTOP-FUSRFCI,numpy,pesos,8,0,100000,300,48,2,3.069180
DESKTOP-FUSRFCI,numpy,pesos,9,0,100000,300,48,0,2.862179
DESKTOP-FUSRFCI,numpy,pesos,9,0,100000,300,48,1,2.817100
DESKTOP-FUSRFCI,numpy,pesos,9,0,100000,300,48,2,2.771108
DESKTOP-FUSRFCI,numpy,pesos,10,0,100000,300,48,0,2.742224
DESKTOP-FUSRFCI,numpy,pesos,10,0,100000,300,48,1,2.813012
DESKTOP-FUSRFCI,numpy,pesos,10,0,100000,300,48,2,2.736259
DESKTOP-FUSRFCI,numpy,pesos,11,0,100000,300,48,0,2.715530
DESKTOP-FUSRFCI,numpy,pesos,11,0,100000,300,48,1,2.730797
DESKTOP-FUSRFCI,numpy,pesos,11,0,100000,300,48,2,2.715559
DESKTOP-FUSRFCI,numpy,pesos,12,0,100000,300,48,0,2.775056
DESKTOP-FUSRFCI,numpy,pesos,12,0,100000,300,48,1,2.732097
DESKTOP-FUSRFCI,numpy,pesos,12,0,100000,300,48,2,2.740916
DESKTOP-FUSRFCI,numpy,pesos,13,0,100000,300,48,0,2.788110
DESKTOP-FUSRFCI,numpy,pesos,13,0,100000,300,48,1,2.777061
DESKTOP-FUSRFCI,numpy,pesos,13,0,100000,300,48,2,2.829393
DESKTOP-FUSRFCI,numpy,pesos,14,0,100000,300,48,0,2.871825
DESKTOP-FUSRFCI,numpy,pesos,14,0,100000,300,48,1,2.836495
DESKTOP-FUSRFCI,numpy,pesos,14,0,100000,300,48,2,2.886112
DESKTOP-FUSRFCI,numpy,pesos,15,0,100000,300,48,0,3.115991
DESKTOP-FUSRFCI,numpy,pesos,15,0,100000,300,48,1,3.045463
DESKTOP-FUSRFCI,numpy,pesos,15,0,100000,300,48,2,3.129615
DESKTOP-FUSRFCI,numpy,pesos,16,0,100000,300,48,0,3.235659
DESKTOP-FUSRFCI,numpy,pesos,16,0,100000,300,48,1,3.122788
DESKTOP-FUSRFCI,numpy,pesos,16,0,100000,300,48,2,3.368994
DESKTOP-FUSRFCI,numpy,pesos,1,1,100000,300,48,0,9.834108
DESKTOP-FUSRFCI,numpy,pesos,1,1,100000,300,48,1,9.794545
DESKTOP-FUSRFCI,numpy,pesos,1,1,100000,300,48,2,9.853573
DESKTOP-FUSRFCI,numpy,pesos,1,2,100000,300,48,0,7.487314
DESKTOP-FUSRFCI,numpy,pesos,1,2,100000,300,48,1,7.461783
DESKTOP-FUSRFCI,numpy,pesos,1,2,100000,300,48,2,7.463447
DESKTOP-FUSRFCI,numpy,pesos,1,3,100000,300,48,0,6.373274
DESKTOP-FUSRFCI,numpy,pesos,1,3,100000,300,48,1,6.289740
DESKTOP-FUSRFCI,numpy,pesos,1,3,100000,300,48,2,6.435054
DESKTOP-FUSRFCI,numpy,pesos,1,4,100000,300,48,0,5.819277
DESKTOP-FUSRFCI,numpy,pesos,1,4,100000,300,48,1,5.793852
DESKTOP-FUSRFCI,numpy,pesos,1,4,100000,300,48,2,5.828578
DESKTOP-FUSRFCI,numpy,pesos,1,5,100000,300,48,0,5.532739
DESKTOP-FUSRFCI,numpy,pesos,1,5,100000,300,48,1,5.514508
DESKTOP-FUSRFCI,numpy,pesos,1,5,100000,300,48,2,5.944381
DESKTOP-FUSRFCI,numpy,pesos,1,6,100000,300,48,0,5.446533
DESKTOP-FUSRFCI,numpy,pesos,1,6,100000,300,48,1,5.381998
DESKTOP-FUSRFCI,numpy,pesos,1,6,100000,300,48,2,5.409684
DESKTOP-FUSRFCI,numpy,pesos,1,7,100000,300,48,0,5.309763
DESKTOP-FUSRFCI,numpy,pesos,1,7,100000,300,48,1,5.328392
DESKTOP-FUSRFCI,numpy,pesos,1,7,100000,300,48,2,5.368302
DESKTOP-FUSRFCI,numpy,pesos,1,8,100000,300,48,0,5.327689
DESKTOP-FUSRFCI,numpy,pesos,1,8,100000,300,48,1,5.323372
DESKTOP-FUSRFCI,numpy,pesos,1,8,100000,300,48,2,5.363159
DESKTOP-FUSRFCI,numpy,pesos,1,9,100000,300,48,0,5.235454
DESKTOP-FUSRFCI,numpy,pesos,1,9,100000,300,48,1,5.248591
DESKTOP-FUSRFCI,numpy,pesos,1,9,100000,300,48,2,5.313007
DESKTOP-FUSRFCI,numpy,pesos,1,10,100000,300,48,0,5.429275
DESKTOP-FUSRFCI,numpy,pesos,1,10,100000,300,48,1,5.314056
DESKTOP-FUSRFCI,numpy,pesos,1,10,100000,300,48,2,5.356322
DESKTOP-FUSRFCI,numpy,pesos,1,11,100000,300,48,0,5.366538
DESKTOP-FUSRFCI,numpy,pesos,1,11,100000,300,48,1,5.381106
DESKTOP-FUSRFCI,numpy,pesos,1,11,100000,300,48,2,5.379620
DESKTOP-FUSRFCI,numpy,pesos,1,12,100000,300,48,0,5.413763
DESKTOP-FUSRFCI,numpy,pesos,1,12,100000,300,48,1,5.407261
DESKTOP-FUSRFCI,numpy,pesos,1,12,100000,300,48,2,5.490033
DESKTOP-FUSRFCI,numpy,pesos,1,13,100000,300,48,0,5.517866
DESKTOP-FUSRFCI,numpy,pesos,1,13,100000,300,48,1,5.621822
DESKTOP-FUSRFCI,numpy,pesos,1,13,100000,300,48,2,5.548228
DESKTOP-FUSRFCI,numpy,pesos,1,14,100000,300,48,0,5.438616
DESKTOP-FUSRFCI,numpy,pesos,1,14,100000,300,48,1,5.333995
DESKTOP-FUSRFCI,numpy,pesos,1,14,100000,300,48,2,5.313874
DESKTOP-FUSRFCI,numpy,pesos,1,15,100000,300,48,0,5.266018
DESKTOP-FUSRFCI,numpy,pesos,1,15,100000,300,48,1,5.303634
DESKTOP-FUSRFCI,numpy,pesos,1,15,100000,300,48,2,5.260119
DESKTOP-FUSRFCI,numpy,pesos,1,16,100000,300,48,0,5.412244
DESKTOP-FUSRFCI,numpy,pesos,1,16,100000,300,48,1,5.417378
DESKTOP-FUSRFCI,numpy,pesos,1,16,100000,300,48,2,6.182833
DESKTOP-FUSRFCI,numpy,pesos,2,1,100000,300,48,0,6.860300
DESKTOP-FUSRFCI,numpy,pesos,2,1,100000,300,48,1,6.356231
DESKTOP-FUSRFCI,numpy,pesos,2,1,100000,300,48,2,6.267833
DESKTOP-FUSRFCI,numpy,pesos,2,2,100000,300,48,0,4.986313
DESKTOP-FUSRFCI,numpy,pesos,2,2,100000,300,48,1,4.992421
DESKTOP-FUSRFCI,numpy,pesos,2,2,100000,300,48,2,5.045704
DESKTOP-FUSRFCI,numpy,pesos,2,3,100000,300,48,0,4.464511
DESKTOP-FUSRFCI,numpy,pesos,2,3,100000,300,48,1,4.458128
DESKTOP-FUSRFCI,numpy,pesos,2,3,100000,300,48,2,4.460907
DESKTOP-FUSRFCI,numpy,pesos,2,4,100000,300,48,0,4.287973
DESKTOP-FUSRFCI,numpy,pesos,2,4,100000,300,48,1,4.321438
DESKTOP-FUSRFCI,numpy,pesos,2,4,100000,300,48,2,4.338099
DESKTOP-FUSRFCI,numpy,pesos,2,5,100000,300,48,0,4.361028
DESKTOP-FUSRFCI,numpy,pesos,2,5,100000,300,48,1,4.221653
DESKTOP-FUSRFCI,numpy,pesos,2,5,100000,300,48,2,4.467488
DESKTOP-FUSRFCI,numpy,pesos,2,6,100000,300,48,0,4.439442
DESKTOP-FUSRFCI,numpy,pesos,2,6,100000,300,48,1,4.435289
DESKTOP-FUSRFCI,numpy,pesos,2,6,100000,300,48,2,4.196034
DESKTOP-FUSRFCI,numpy,pesos,2,7,100000,300,48,0,4.232751
DESKTOP-FUSRFCI,numpy,pesos,2,7,100000,300,48,1,4.359864
DESKTOP-FUSRFCI,numpy,pesos,2,7,100000,300,48,2,4.220366
DESKTOP-FUSRFCI,numpy,pesos,2,8,100000,300,48,0,4.530096
DESKTOP-FUSRFCI,numpy,pesos,2,8,100000,300,48,1,4.523117
DESKTOP-FUSRFCI,numpy,pesos,2,8,100000,300,48,2,4.495800
DESKTOP-FUSRFCI,numpy,pesos,3,1,100000,300,48,0,4.546107
DESKTOP-FUSRFCI,numpy,pesos,3,1,100000,300,48,1,4.492711
DESKTOP-FUSRFCI,numpy,pesos,3,1,100000,300,48,2,4.407495
DESKTOP-FUSRFCI,numpy,pesos,3,2,100000,300,48,0,3.830333
DESKTOP-FUSRFCI,numpy,pesos,3,2,100000,300,48,1,3.848459
DESKTOP-FUSRFCI,numpy,pesos,3,2,100000,300,48,2,3.725252
DESKTOP-FUSRFCI,numpy,pesos,3,3,100000,300,48,0,3.536370
DESKTOP-FUSRFCI,numpy,pesos,3,3,100000,300,48,1,3.499735
DESKTOP-FUSRFCI,numpy,pesos,3,3,100000,300,48,2,3.536518
DESKTOP-FUSRFCI,numpy,pesos,3,4,100000,300,48,0,3.533537
DESKTOP-FUSRFCI,numpy,pesos,3,4,100000,300,48,1,3.537295
DESKTOP-FUSRFCI,numpy,pesos,3,4,100000,300,48,2,3.567502
DESKTOP-FUSRFCI,numpy,pesos,3,5,100000,300,48,0,3.677148
DESKTOP-FUSRFCI,numpy,pesos,3,5,100000,300,48,1,3.607551
DESKTOP-FUSRFCI,numpy,pesos,3,5,100000,300,48,2,3.620106
DESKTOP-FUSRFCI,numpy,pesos,4,1,100000,300,48,0,3.715611
DESKTOP-FUSRFCI,numpy,pesos,4,1,100000,300,48,1,3.692668
DESKTOP-FUSRFCI,numpy,pesos,4,1,100000,300,48,2,3.680618
DESKTOP-FUSRFCI,numpy,pesos,4,2,100000,300,48,0,3.276532
DESKTOP-FUSRFCI,numpy,pesos,4,2,100000,300,48,1,3.255194
DESKTOP-FUSRFCI,numpy,pesos,4,2,100000,300,48,2,3.309047
DESKTOP-FUSRFCI,numpy,pesos,4,3,100000,300,48,0,3.119058
DESKTOP-FUSRFCI,numpy,pesos,4,3,100000,300,48,1,3.189580
DESKTOP-FUSRFCI,numpy,pesos,4,3,100000,300,48,2,3.080403
DESKTOP-FUSRFCI,numpy,pesos,4,4,100000,300,48,0,3.254697
DESKTOP-FUSRFCI,numpy,pesos,4,4,100000,300,48,1,3.248747
DESKTOP-FUSRFCI,numpy,pesos,4,4,100000,300,48,2,3.250721
DESKTOP-FUSRFCI,numpy,pesos,5,1,100000,300,48,0,3.460244
DESKTOP-FUSRFCI,numpy,pesos,5,1,100000,300,48,1,3.513451
DESKTOP-FUSRFCI,numpy,pesos,5,1,100000,300,48,2,3.384808
DESKTOP-FUSRFCI,numpy,pesos,5,2,100000,300,48,0,2.971769
DESKTOP-FUSRFCI,numpy,pesos,5,2,100000,300,48,1,2.963401
DESKTOP-FUSRFCI,numpy,pesos,5,2,100000,300,48,2,2.973700
DESKTOP-FUSRFCI,numpy,pesos,5,3,100000,300,48,0,3.136929
DESKTOP-FUSRFCI,numpy,pesos,5,3,100000,300,48,1,3.036847
DESKTOP-FUSRFCI,numpy,pesos,5,3,100000,300,48,2,3.013715
DESKTOP-FUSRFCI,numpy,pesos,6,1,100000,300,48,0,3.239302
DESKTOP-FUSRFCI,numpy,pesos,6,1,100000,300,48,1,3.188402
DESKTOP-FUSRFCI,numpy,pesos,6,1,100000,300,48,2,3.256495
DESKTOP-FUSRFCI,numpy,pesos,6,2,100000,300,48,0,2.910874
DESKTOP-FUSRFCI,numpy,pesos,6,2,100000,300,48,1,2.870386
DESKTOP-FUSRFCI,numpy,pesos,6,2,100000,300,48,2,2.871323
DESKTOP-FUSRFCI,numpy,pesos,7,1,100000,300,48,0,2.948000
DESKTOP-FUSRFCI,numpy,pesos,7,1,100000,300,48,1,2.999102
DESKTOP-FUSRFCI,numpy,pesos,7,1,100000,300,48,2,3.018228
DESKTOP-FUSRFCI,numpy,pesos,7,2,100000,300,48,0,2.966770
DESKTOP-FUSRFCI,numpy,pesos,7,2,100000,300,48,1,2.906074
DESKTOP-FUSRFCI,numpy,pesos,7,2,100000,300,48,2,2.905950
DESKTOP-FUSRFCI,numpy,pesos,8,1,100000,300,48,0,2.801512
DESKTOP-FUSRFCI,numpy,pesos,8,1,100000,300,48,1,2.844030
DESKTOP-FUSRFCI,numpy,pesos,8,1,100000,300,48,2,2.880049
DESKTOP-FUSRFCI,numpy,pesos,8,2,100000,300,48,0,2.990485
DESKTOP-FUSRFCI,numpy,pesos,8,2,100000,300,48,1,2.985377
DESKTOP-FUSRFCI,numpy,pesos,8,2,100000,300,48,2,2.960414
DESKTOP-FUSRFCI,numpy,pesos,9,1,100000,300,48,0,2.848960
DESKTOP-FUSRFCI,numpy,pesos,9,1,100000,300,48,1,2.748298
DESKTOP-FUSRFCI,numpy,pesos,9,1,100000,300,48,2,2.765410
DESKTOP-FUSRFCI,numpy,pesos,10,1,100000,300,48,0,2.753485
DESKTOP-FUSRFCI,numpy,pesos,10,1,100000,300,48,1,2.816135
DESKTOP-FUSRFCI,numpy,pesos,10,1,100000,300,48,2,2.726240
DESKTOP-FUSRFCI,numpy,pesos,11,1,100000,300,48,0,2.746000
DESKTOP-FUSRFCI,numpy,pesos,11,1,100000,300,48,1,2.791406
DESKTOP-FUSRFCI,numpy,pesos,11,1,100000,300,48,2,2.699934
DESKTOP-FUSRFCI,numpy,pesos,12,1,100000,300,48,0,2.790455
DESKTOP-FUSRFCI,numpy,pesos,12,1,100000,300,48,1,2.773215
DESKTOP-FUSRFCI,numpy,pesos,12,1,100000,300,48,2,2.767606
DESKTOP-FUSRFCI,numpy,pesos,13,1,100000,300,48,0,2.768349
DESKTOP-FUSRFCI,numpy,pesos,13,1,100000,300,48,1,2.842157
DESKTOP-FUSRFCI,numpy,pesos,13,1,100000,300,48,2,2.822564
DESKTOP-FUSRFCI,numpy,pesos,14,1,100000,300,48,0,2.888400
DESKTOP-FUSRFCI,numpy,pesos,14,1,100000,300,48,1,2.979077
DESKTOP-FUSRFCI,numpy,pesos,14,1,100000,300,48,2,2.918354
DESKTOP-FUSRFCI,numpy,pesos,15,1,100000,300,48,0,3.144986
DESKTOP-FUSRFCI,numpy,pesos,15,1,100000,300,48,1,3.161856
DESKTOP-FUSRFCI,numpy,pesos,15,1,100000,300,48,2,3.132836
DESKTOP-FUSRFCI,numpy,pesos,16,1,100000,300,48,0,3.233964
DESKTOP-FUSRFCI,numpy,pesos,16,1,100000,300,48,1,3.155631
DESKTOP-FUSRFCI,numpy,pesos,16,1,100000,300,48,2,3.257152
